<modification>
	<name>Custom text on product page tab</name>
	<version>1.2</version>
	<link></link>
	<author>VivekWeb</author>
	<code>customtext</code>
		<file path="admin/controller/catalog/product.php">
			<operation>
				<search><![CDATA[if (isset($this->request->post['points'])) {]]>
				</search>
				<add position="before">
					<![CDATA[
					if ($this->db->query("SHOW TABLES LIKE '". DB_PREFIX ."product_customtext'")->num_rows == 0) {
	            $sql = "CREATE TABLE IF NOT EXISTS `" . DB_PREFIX . "product_customtext` (
					  `product_id` int(11) NOT NULL,
					  `language_id` int(11) NOT NULL,
					  `customtext`text NOT NULL
					) ENGINE=MyISAM COLLATE=utf8_general_ci";
	            $this->db->query($sql);
	      }
						if (isset($this->request->post['product_customtext'])) {
				$data['product_customtext'] = $this->request->post['product_customtext'];
			} elseif (isset($this->request->get['product_id'])) {
				$data['product_customtext'] = $this->model_catalog_product->getProductCustomText($this->request->get['product_id']);
			} else {
				$data['product_customtext'] = array();
			}

			]]></add>
			</operation>
    </file>
    <file path="catalog/controller/extension/account/purpletree_multivendor/sellerproduct.php">
			<operation>
				<search><![CDATA[if (isset($this->request->post['points'])) {]]>
				</search>
				<add position="before">
					<![CDATA[
					if ($this->db->query("SHOW TABLES LIKE '". DB_PREFIX ."product_customtext'")->num_rows == 0) {
	            $sql = "CREATE TABLE IF NOT EXISTS `" . DB_PREFIX . "product_customtext` (
					  `product_id` int(11) NOT NULL,
					  `language_id` int(11) NOT NULL,
					  `customtext`text NOT NULL
					) ENGINE=MyISAM COLLATE=utf8_general_ci";
	            $this->db->query($sql);
	      }
						if (isset($this->request->post['product_customtext'])) {
				$data['product_customtext'] = $this->request->post['product_customtext'];
			} elseif (isset($this->request->get['product_id'])) {
				$data['product_customtext'] = $this->model_extension_purpletree_multivendor_sellerproduct->getProductCustomText($this->request->get['product_id']);
			} else {
				$data['product_customtext'] = array();
			}

			]]></add>
			</operation>
    </file>
    <file path="admin/model/catalog/product.php">
			<operation>
				<search><![CDATA[$data['product_description'] = $this->getProductDescriptions($product_id);]]>
				</search>
				<add position="before">
					<![CDATA[
					$data['product_customtext'] = $this->getProductCustomText($product_id);
					]]></add>
			</operation>
			<operation>
				<search><![CDATA[foreach ($data['product_description'] as $language_id => $value) {]]>
				</search>
				<add position="before">
					<![CDATA[
					$this->db->query("DELETE FROM " . DB_PREFIX . "product_customtext WHERE product_id = '" . (int)$product_id . "'");
					if(isset($data['product_customtext'])) {
				foreach ($data['product_customtext'] as $language_id => $value) {
					$this->db->query("INSERT INTO " . DB_PREFIX . "product_customtext SET product_id = '" . (int)$product_id . "', language_id = '" . (int)$language_id . "', customtext = '" . $this->db->escape($value['customtext']) . "'");
				}
				}
					]]></add>
			</operation>
			<operation>
				<search><![CDATA[public function getProductOptions($product_id) {]]>
				</search>
				<add position="before">
					<![CDATA[
					public function getProductCustomText($product_id) {
						$product_customtext_data = array();

						$query = $this->db->query("SELECT * FROM " . DB_PREFIX . "product_customtext WHERE product_id = '" . (int)$product_id . "'");

						foreach ($query->rows as $result) {
							$product_customtext_data[$result['language_id']] = array(
								'customtext'             => $result['customtext']
							);
						}

						return $product_customtext_data;
					}
					]]></add>
			</operation>
    </file>
    <file path="catalog/model/extension/purpletree_multivendor/sellerproduct.php">
    	<operation>
			<search><![CDATA[$data['product_description'] = $this->getProductDescriptions((int)$product_id);]]>
			</search>
			<add position="before">
				<![CDATA[
				$data['product_customtext'] = $this->getProductCustomText((int)$product_id);
				]]></add>
		</operation>
    	<operation>
    		<search><![CDATA[foreach ($data['product_description'] as $language_id => $value) {]]>
				</search>
				<add position="before">
					<![CDATA[
					$this->db->query("DELETE FROM " . DB_PREFIX . "product_customtext WHERE product_id = '" . (int)$product_id . "'");
					if(isset($data['product_customtext'])) {
				foreach ($data['product_customtext'] as $language_id => $value) {
					$this->db->query("INSERT INTO " . DB_PREFIX . "product_customtext SET product_id = '" . (int)$product_id . "', language_id = '" . (int)$language_id . "', customtext = '" . $this->db->escape($value['customtext']) . "'");
				}
				}
					]]>
				</add>
    	</operation>
    	<operation>
				<search><![CDATA[public function getProductOptions($product_id) {]]>
				</search>
				<add position="before">
					<![CDATA[
					public function getProductCustomText($product_id) {
						$product_customtext_data = array();

						$query = $this->db->query("SELECT * FROM " . DB_PREFIX . "product_customtext WHERE product_id = '" . (int)$product_id . "'");

						foreach ($query->rows as $result) {
							$product_customtext_data[$result['language_id']] = array(
								'customtext'             => $result['customtext']
							);
						}

						return $product_customtext_data;
					}
					]]></add>
			</operation>
    </file>
    <file path="admin/view/template/catalog/product_form.twig">
			<operation>
				<search><![CDATA[<label class="col-sm-2 control-label" for="input-tag{{ language.language_id }}"><span data-toggle="tooltip" title="{{ help_tag }}">{{ entry_tag }}</span></label>]]>
				</search>
				<add position="before">
					<![CDATA[
	                    <label class="col-sm-2 control-label" for="input-customtext{{ language.language_id }}">Custom Text</label>
	                    <div class="col-sm-10">
	                      <textarea class="form-control" name="product_customtext[{{ language.language_id }}][customtext]" placeholder="Enter Your Custom Text" id="input-customtext{{ language['language_id'] }}">{{ (product_customtext[language.language_id]) ? product_customtext[language.language_id]['customtext'] : '' }}</textarea>
	                    </div>
	                 </div>
	                 <div class="form-group">
			]]></add>
			</operation>
    </file>
    <file path="catalog/view/theme/default/template/account/purpletree_multivendor/product_form.twig">
			<operation>
				<search><![CDATA[<label class="pts-col-sm-2 col-form-label" for="input-meta-keyword{{ language.language_id }}">{{ entry_meta_keyword }}</label>]]>
				</search>
				<add position="before">
					<![CDATA[
		                    <label class="pts-col-sm-2 col-form-label" for="input-meta-keyword{{ language.language_id }}">Custom Text</label>
		                    <div class="pts-col-sm-10">
		                      <textarea name="product_customtext[{{ language.language_id }}][customtext]" rows="5" placeholder="Enter Your Custom Text" id="input-customtext{{ language.language_id }}" class="pts-form-control">{{ (product_customtext[language.language_id]) ? product_customtext[language.language_id]['customtext'] : '' }}</textarea>
		                    </div>
		                  </div>
	                 <div class="pts-form-group row">
			]]></add>
			</operation>
    </file>
    <file path="catalog/controller/product/product.php">
		<operation>
			<search><![CDATA[$data['points'] = $product_info['points'];]]>
			</search>
			<add position="before">
				<![CDATA[
				$data['customtext'] = html_entity_decode($product_info['customtext'], ENT_QUOTES, 'UTF-8');
				]]></add>
		</operation>
    </file>
    <file path="catalog/model/catalog/product.php">
		<operation>
			<search><![CDATA[return array(]]>
			</search>
			<add position="before">
				<![CDATA[
				$customtext_query = $this->db->query("SELECT * FROM " . DB_PREFIX . "product_customtext WHERE product_id = '" . (int)$product_id . "' AND language_id = '" . (int)$this->config->get('config_language_id') . "'");
				if($customtext_query->num_rows)  {
					$customtext = $customtext_query->row['customtext'];
				} else {
					$customtext = "";
				}
				]]></add>
		</operation>
		<operation>
			<search><![CDATA[return array(]]>
			</search>
			<add position="after">
				<![CDATA[
				'customtext'       => $customtext,
				]]></add>
		</operation>
    </file>
    <file path="catalog/view/theme/*/template/product/product.twig">
		<operation>
			<search><![CDATA[{% if price %}]]>
			</search>
			<add position="before">
				<![CDATA[
				{% if customtext is defined and customtext %}
				<span class="customtext">{{ customtext }}</span><br>
				{% endif %}
				]]></add>
		</operation>
    </file>
</modification>
